[
	{
        "id": "EF1CC5BB-4785-4D8E-AB98-5FA4E00B6A66",
		"name": "Breakfast",
		"items": [
			{
                "id": "EDCD038C-036F-4C40-826F-61C88CD84DDD",
				"name": "توست فرنسي",
				"photoCredit": "Joseph Gonzalez",
				"price": 6,
				"restrictions": ["G", "V"],
                "description": "توست فرنسي حلو ورقيق ويقدم ساخنًا يتم صنعه في افران المنزل ",
                "quantity": 0
			},
			{
                "id": "36A7CC40-18C1-48E5-BCD8-3B42D43BEAEE",
				"name": "بان كيك",
				"photoCredit": "Joseph Gonzalez",
				"price": 8,
				"restrictions": ["D", "G", "V"],
				"description": "بان كيك هي وصفة تؤكل على الفطور أو حتى كوجبة خفيفة بين الوجبات الرئيسية. تحضّر من الطحين، السكر، البيض، الحليب، الزبدة،. بان كيك بالعسل مع قطع البرتقال والتوت.",
                "quantity": 0
			},
			{
                "id": "CFB8C2DB-3478-4A10-92FA-3D2A2D5324FB",
				"name": "وجبة الموسلي",
				"photoCredit": "Hanny Naibaho",
				"price": 5,
				"restrictions": ["D", "N"],
				"description": "الموسلي مع رقائق الشوفان والفواكه المجففة والمكسرات ",
                "quantity": 0
			},
			{
                "id": "8903A204-F5C1-4D5C-A0A1-5C0ECD27FDD7",
				"name": "كرواسون طازج",
				"photoCredit": "Kavita Joshi Rai",
				"price": 3,
				"restrictions": ["D", "G"],
				"description": "كرواسون مخبوز طازج وذهبي مقرمش من الخارج ولذته بدون حدود من الداخل واختلاف الحشوات",
                "quantity": 0
			},
			{
                "id": "82B28AFF-BB29-4186-AA07-04959180D81A",
				"name": "فاصوليا لذيذة",
				"photoCredit": "Melissa Walker Horn",
				"price": 12,
				"restrictions": ["G"],
				"description": "فاصوليا لذيذة مع الخضار المشكلةوالبيض والمرتدلا المشوية ورغيف الخبز",
                "quantity": 0
			},
			{
                "id": "190E1A9D-20A4-4F98-AA54-B192E1C4D7B9",
				"name": "عصيدة",
				"photoCredit": "Monika Grabkowska",
				"price": 4,
				"restrictions": ["D", "N", "V"],
                "description": "عصيدة مصنوعة من دقيق الدخن مع شرائح البرتقال والكيوي والمكسرات",
                "quantity": 0
			}
		]
	},
	{
		"name": "Mains",
        "id": "3D97FAB4-50AC-40FC-9BF0-3F46BB6A92F5",
		"items": [
			{
                "id": "D44AAEBC-BF4F-42CD-8C37-0FEF772A5B69",
				"name": "شرائح البسطرمة",
				"photoCredit": "Brooke Lark",
				"price": 15,
				"restrictions": ["D", "G"],
                "description": "شرائح البسطرمة مع اصابع البطاطا المقلية والتبولة مغطاة بقليل من الطحينة",
                "quantity": 0
			},
			{
                "id": "2BAD20C5-D007-4BBE-B074-8CF0F256A42F",
				"name": "مكرونة بالسلامي",
				"photoCredit": "Eaters Collective",
				"price": 12,
				"restrictions": ["D", "G", "V"],
				"description": " وصفة غنية وشهية بالمذاق الطيب والمميز ستحبها عائلتك من الصغار للكبار سلطة المكرونة بالسلامي الإيطالية",
                "quantity": 0
			},
			{
                "id": "759527CB-1064-4082-A527-F04698F9D18F",
				"name": "برجر الخبز المحمر",
				"photoCredit": "Edward Guk",
				"price": 12,
				"restrictions": ["D", "G"],
                "description": "افضل برجر بالخبز المحمر مع شرائح الخضار والجبن ومغطى بالخلطة السرية",
                "quantity": 0
			},
			{
                "id": "AD419CE6-50CC-4132-BE8E-B92B9DFE4D02",
				"name": "كاري دجاج",
				"photoCredit": "Elli O.",
				"price": 12,
				"restrictions": ["S"],
				"description": "طبق كاري دجاج التايلاندي الذهبي مع التوابل الفردية والأعشاب الطازجة والقليل من القرفة",
                "quantity": 0
			},
			{
                "id": "944AB773-16CA-48F9-BB64-BB0E482FE102",
				"name": "الباييلا الاسبانية",
				"photoCredit": "Cel Lisboa ",
				"price": 14,
				"restrictions": ["G", "S"],
				"description": "الأرز مع إضافة الزعفران، يمكن أن تختلف المكونات المتبقية تقريبا إلى ما لا نهاية لها: أنواع مختلفة من الأسماك والمأكولات البحرية واللحوم والدجاج والبقوليات والقواقع والخضورات",
                "quantity": 0
			},
			{
                "id": "024763B6-2577-4D04-9A4F-321F3EB19EA6",
				"name": "سلطة خضراء",
				"photoCredit": "Mgg Vitchakorn",
				"price": 9,
				"restrictions": ["N", "V"],
                "description": "باختيارات ذكية يمكنك بناء طبق سلطة خضراء صحي ولذيذ",
                "quantity": 0
			},
			{
                "id": "22E8B9F0-94C1-43EC-9B19-34F22CA17B6B",
				"name": "بيستو فارفالي",
				"photoCredit": "Eaters Collective",
				"price": 10,
				"restrictions": ["G", "N", "V"],
				"description": "باستا بيستو الدجاج طبق إيطالي لذيذ جدًا خفيف على المعدة فهو غني جدًا بالبروتين ويعد طبقًا مفيدًا ومناسبًا للحميات الغذائية وتتكون من الثوم المدقوق والريحان والصنوبر وزيت الزيتون وجبن البارمزان القاسي، ويضاف هذا الصوص على أي نوع من أنواع الباستا ليعطي طريقة عمل باستا البيستو بالدجاج الطعم اللذيذ",
                "quantity": 0
			},
			{
                "id": "DD20B3C1-438A-4657-BCFA-A0C6DA1AE7EE",
				"name": "اقماع الذرة",
				"photoCredit": "Dragne Marius",
				"price": 6,
				"restrictions": ["V"],
                "description": "اقماع الذرة مدهونة بالزبدة ومشوية",
                "quantity": 0
			},
			{
                "id": "44FBAFC0-BEE0-4A02-9C57-B8ECDC1CE5E1",
				"name": "ستيك",
				"photoCredit": "Alex Munsell",
				"price": 20,
				"restrictions": [],
                "description": "بتتبيلة لذيذة وطعم رائع",
                "quantity": 0
			},
			{
                "id": "F0B4DF27-B293-4151-8480-FA46DFCA5BBB",
				"name": "التوست المحشي",
				"photoCredit": "Asnim Asnim",
				"price": 7,
				"restrictions": ["G"],
                "description": "التوست المحشي وفي كل يوم حشوه تختلف عن اليوم السابق",
                "quantity": 0
			},
			{
                "id": "FD3BACF7-01AE-449D-8929-26C6F8EC90D5",
				"name": "بيتزاء",
				"photoCredit": "Thomas Tucker",
				"price": 14,
				"restrictions": ["D", "G"],
				"description": "الذ انواع البيتزاء بجميع انواعها",
                "quantity": 0
			},
			{
                "id": "F5BCE219-391D-4AAF-8DA7-D25096776D46",
				"name": "فطيرة",
				"photoCredit": "Cel Lisboa",
				"price": 12,
				"restrictions": ["D", "G", "V"],
                "description": "الذ انواع الفطائر المحشية بجبنة القشوان الذيذة",
                "quantity": 0
			}
		]
	},
	{
		"name": "Dessert",
        "id": "1C89DAFD-7653-4EF2-BF20-C51A159BAC43",
		"items": [
			{
                "id": "AB7E38EA-05A7-426A-AFF3-B3A32B3E86BF",
				"name": "كأس الفراولة",
				"photoCredit": "Karly Gomez",
				"price": 6,
				"restrictions": ["D", "V"],
                "description": "ايسكريم الفانيلا مع شرائح الفراولة مثلج",
                "quantity": 0
			},
			{
                "id": "758ABBE3-F338-4F7C-BAC7-8D61BC1FB329",
				"name": "بينك كوكيز",
				"photoCredit": "Mana",
				"price": 8,
				"restrictions": ["N", "V"],
				"description": "قطعة شوكولاتة ومزيج كوكيز بينك شوجر",
                "quantity": 0
			},
			{
                "id": "A73E2D2D-D53A-46D4-8829-62011EEF7DA4",
				"name": "دونات",
				"photoCredit": "Kobby Mendez",
				"price": 5,
				"restrictions": ["G", "V"],
				"description": "جميع انواع الدونات",
                "quantity": 0
			},
			{
                "id": "971CFDDD-2AFA-418F-909F-D459CC6827CF",
				"name": "اقماع الايسكريم",
				"photoCredit": "Camila Melim",
				"price": 7,
				"restrictions": ["D", "V"],
				"description": "اقماع الايسكريم المنوعة بجميع انواع المثلجات",
                "quantity": 0
			}
		]
	},
	{
		"name": "Drinks",
        "id": "CE3C67F9-79E3-46E3-B134-362A52ABFE3C",
		"items": [
			{
                "id": "A4D89AF9-190E-4409-B924-AABD13DBB6A4",
                
				"name": "مشروب موخيتو",
				"photoCredit": "Melissa Walker Horn",
				"price": 5,
				"restrictions": ["V"],
				"description": "ليمون بالنعناع مشروب منعش من العصائر اللذيذة موخيتو",
                "quantity": 0
			},
			{
                "id": "FC201614-1418-4152-9469-087B27485D13",
				"name": "مخلوط الفراولة",
				"photoCredit": "Alex Loup",
				"price": 6,
				"restrictions": ["V"],
                "description": "مشروب الفراولة المثلج",
                "quantity": 0
			},
			{
                "id": "58CE3F3E-74E1-4C5F-A630-986B187788B5",
				"name": "الإسبريسو",
				"photoCredit": "Nathan Dumlao",
				"price": 3,
				"restrictions": ["V"],
				"description": " قهوة داكنة أو سوداء ذات مذاق قوي ويتم تحضيرها باستخدام آلة خاصة وقهوة الاسبريسو الأصلية تتميز بكثافتها العالية ولونها القوي ورغوتها الذهبية أو لونها العسلي",
                "quantity": 0
			},
			{
                "id": "71B872F2-3B5D-46D0-9D98-E696B4AE30E4",
				"name": "الكابوتشينو",
				"photoCredit": "Nathan Dumlao",
				"price": 7,
				"restrictions": ["D", "V"],
				"description": "يتم التفنن في تحضير الكابتشينو من ناحية المذاق وشكل الرغوة فهو مزيج مميز من القهوة والحليب المخفوق أو المبخر مُزين برشة خفيفة من الشوكولاتة الدارك أو الكاكاو",
                "quantity": 0
			},
			{
                "id": "DE58CEFF-7023-4B60-88CC-80C5B7BFB6EC",
				"name": "شاهي",
				"photoCredit": "Loverna Journey",
				"price": 4,
				"restrictions": ["V"],
				"description": "افضل انواع الشاهي السيلاني صاحب المذاق المميز",
                "quantity": 0
			},
			{
                "id": "E7584DB6-2EAE-4178-ADB2-9E5DBD5215EA",
				"name": "مخلوط البرتقال",
				"photoCredit": "Alexander Mils",
				"price": 3,
				"restrictions": ["V"],
                "description": "مخلوط عصير البرتقال البار",
                "quantity": 0
			}
		]
	}
]
